ID,model_modelCode,region_regionCode,orderType,submission_ID,inputNSP,exShowroomInput,actualNSP,helmet,transportation,dealerCost,otherExpenses,dealerMargin,helmetMargin,totalDealerMargin,ndp,basicPrice,gstAmount,exShowroomPrice,rtoPercent,rtoAmount,rtoWithBill,insuranceRate,insuranceAmount,tpaPa,insuranceGst,totalInsurance,onRoadPrice,referenceMTSModel_modelCode,mtsExShowroom,mtsOnRoad,miyExShowroomTotal,miyOnRoadTotal,expectedExShowroom,expectedOnRoad,incrementDealer,lowestMtsExShowroom,gemDiscountPercent,gemDiscountAmount,gemSubTotal,gemBasic,gemGstAmount,finalGemPrice,csdNsp,csdBasicExclHelmet,csdDiscountPercent,csdDiscountAmount,csdPreTaxNet,csdGstPercent,csdGstAmount,csdExShowroom,incidentalPercent,incidentalCharges,finalCsdPrice,csdOnRoad,status
10000000-0000-0000-0000-000000000001,RE-HUNTER350,TN01,MTS,20000000-0000-0000-0000-000000000001,150000.00,0.00,150000.00,1200.00,1800.00,153000.00,300.00,15300.00,150.00,15450.00,168300.00,168750.00,33750.00,202500.00,0.0800,16200.00,500.00,0.0350,7087.50,650.00,1239.06,8976.56,228176.56,,0.00,0.00,0.00,0.00,0.00,0.00,0.00,190000.00,0.00,0.00,0.00,0.00,0.00,0.00,0.00,0.00,0.00,0.00,0.00,0.00,0.00,0.00,0.00,0.00,0.00,MTS
10000000-0000-0000-0000-000000000002,RE-CLASSIC350,KA02,MTS,20000000-0000-0000-0000-000000000002,180000.00,0.00,180000.00,1250.00,1900.00,183150.00,520.00,18315.00,150.00,18465.00,201465.00,202135.00,40427.00,242562.00,0.1000,24256.20,700.00,0.0350,8490.00,650.00,1467.80,10607.80,267426.00,,0.00,0.00,0.00,0.00,0.00,0.00,0.00,195000.00,0.00,0.00,0.00,0.00,0.00,0.00,0.00,0.00,0.00,0.00,0.00,0.00,0.00,0.00,0.00,0.00,0.00,MTS
10000000-0000-0000-0000-000000000003,RE-BULLET350,KL03,MTS,20000000-0000-0000-0000-000000000003,175000.00,0.00,175000.00,1300.00,2000.00,178300.00,550.00,17830.00,160.00,17990.00,196130.00,196840.00,39368.00,236208.00,0.0900,21258.72,650.00,0.0375,8857.80,680.00,1477.42,11015.22,268481.94,,0.00,0.00,0.00,0.00,0.00,0.00,0.00,196000.00,0.00,0.00,0.00,0.00,0.00,0.00,0.00,0.00,0.00,0.00,0.00,0.00,0.00,0.00,0.00,0.00,0.00,MTS
10000000-0000-0000-0000-000000000004,RE-METEOR350,AP04,MTS,20000000-0000-0000-0000-000000000004,190000.00,0.00,190000.00,1200.00,1750.00,192950.00,500.00,19295.00,140.00,19435.00,212245.00,212885.00,42577.00,255462.00,0.0800,20436.96,600.00,0.0350,8941.17,650.00,1528.70,11119.87,287618.83,,0.00,0.00,0.00,0.00,0.00,0.00,0.00,200000.00,0.00,0.00,0.00,0.00,0.00,0.00,0.00,0.00,0.00,0.00,0.00,0.00,0.00,0.00,0.00,0.00,0.00,MTS
10000000-0000-0000-0000-000000000005,RE-GUERRILLA450,TS05,MTS,20000000-0000-0000-0000-000000000005,220000.00,0.00,220000.00,1200.00,1800.00,223000.00,510.00,22300.00,150.00,22450.00,245300.00,245810.00,49162.00,294972.00,0.0800,23597.76,750.00,0.0350,10324.02,650.00,1855.59,12829.61,332149.37,,0.00,0.00,0.00,0.00,0.00,0.00,0.00,210000.00,0.00,0.00,0.00,0.00,0.00,0.00,0.00,0.00,0.00,0.00,0.00,0.00,0.00,0.00,0.00,0.00,0.00,MTS
10000000-0000-0000-0000-000000000006,RE-HUNTER350,TN01,MTO,20000000-0000-0000-0000-000000000006,150000.00,202500.00,151500.00,1200.00,1800.00,154500.00,3500.00,14500.00,150.00,14650.00,169950.00,187950.00,37590.00,225540.00,0.0800,18043.20,500.00,0.0350,7893.90,650.00,1490.04,10033.94,264117.14,RE-HUNTER350,202500.00,228176.56,9000.00,5000.00,225540.00,264000.00,1500.00,190000.00,0.00,0.00,0.00,0.00,0.00,0.00,0.00,0.00,0.00,0.00,0.00,0.00,0.00,0.00,0.00,0.00,0.00,APPROVED
10000000-0000-0000-0000-000000000007,RE-CLASSIC350,KA02,MTO,20000000-0000-0000-0000-000000000007,180000.00,242562.00,181500.00,1250.00,1900.00,184650.00,4200.00,16000.00,150.00,16150.00,203115.00,208465.00,41693.00,250158.00,0.1000,25015.80,700.00,0.0350,8755.53,650.00,1470.44,10875.97,286749.77,RE-CLASSIC350,242562.00,267426.00,11000.00,7000.00,250158.00,286000.00,1500.00,195000.00,0.00,0.00,0.00,0.00,0.00,0.00,0.00,0.00,0.00,0.00,0.00,0.00,0.00,0.00,0.00,0.00,0.00,APPROVED
10000000-0000-0000-0000-000000000008,RE-GUERRILLA450,TN01,EV,20000000-0000-0000-0000-000000000008,0.00,294972.00,0.00,1200.00,1800.00,3000.00,300.00,15000.00,150.00,15150.00,3300.00,18450.00,3690.00,22140.00,0.0500,1107.00,300.00,0.0300,664.20,500.00,34.93,1199.13,24746.13,RE-GUERRILLA450,294972.00,332149.37,0.00,0.00,0.00,0.00,0.00,190000.00,0.00,0.00,0.00,0.00,0.00,0.00,0.00,0.00,0.00,0.00,0.00,0.00,0.00,0.00,0.00,0.00,0.00,APPROVED
10000000-0000-0000-0000-000000000009,RE-HIMALAYAN450,KL03,EV,20000000-0000-0000-0000-000000000009,0.00,310000.00,0.00,1300.00,2000.00,3300.00,350.00,16000.00,160.00,16160.00,3630.00,19810.00,3962.00,23772.00,0.0500,1188.60,350.00,0.0325,772.59,520.00,42.51,1335.10,25457.10,RE-HIMALAYAN450,310000.00,350000.00,0.00,0.00,0.00,0.00,0.00,190000.00,0.00,0.00,0.00,0.00,0.00,0.00,0.00,0.00,0.00,0.00,0.00,0.00,0.00,0.00,0.00,0.00,0.00,APPROVED
10000000-0000-0000-0000-000000000010,RE-HUNTER350,TN01,GeM,20000000-0000-0000-0000-000000000010,0.00,0.00,0.00,0.00,0.00,0.00,0.00,0.00,0.00,0.00,0.00,0.00,0.00,0.00,0.0000,0.00,0.00,0.0000,0.00,0.00,0.00,0.00,0.00,RE-HUNTER350,202500.00,228176.56,0.00,0.00,0.00,0.00,0.00,190000.00,0.1200,22800.00,167200.00,167200.00,0.00,167200.00,0.00,0.00,0.00,0.00,0.00,0.00,0.00,0.00,0.00,0.00,0.00,APPROVED
10000000-0000-0000-0000-000000000011,RE-CLASSIC350,KA02,GeM,20000000-0000-0000-0000-000000000011,0.00,0.00,0.00,0.00,0.00,0.00,0.00,0.00,0.00,0.00,0.00,0.00,0.00,0.00,0.0000,0.00,0.00,0.0000,0.00,0.00,0.00,0.00,0.00,RE-CLASSIC350,242562.00,267426.00,0.00,0.00,0.00,0.00,0.00,190000.00,0.1200,22800.00,167200.00,167200.00,0.00,167200.00,0.00,0.00,0.00,0.00,0.00,0.00,0.00,0.00,0.00,0.00,0.00,APPROVED
10000000-0000-0000-0000-000000000012,RE-BULLET350,TN01,CSD,20000000-0000-0000-0000-000000000012,0.00,0.00,0.00,1200.00,1800.00,0.00,0.00,0.00,150.00,0.00,0.00,0.00,0.00,0.00,0.0800,16200.00,500.00,0.0350,7087.50,650.00,1239.06,8976.56,256176.56,RE-BULLET350,236208.00,268481.94,0.00,0.00,0.00,0.00,0.00,190000.00,0.00,0.00,0.00,0.00,0.00,0.00,175000.00,173800.00,0.1000,17380.00,156420.00,0.0500,7821.00,164241.00,0.0100,1642.41,165883.41,182583.41,APPROVED
10000000-0000-0000-0000-000000000013,RE-METEOR350,TN01,CSD,20000000-0000-0000-0000-000000000013,0.00,0.00,0.00,1200.00,1800.00,0.00,0.00,0.00,150.00,0.00,0.00,0.00,0.00,0.00,0.0800,18000.00,500.00,0.0350,7500.00,650.00,1307.50,9457.50,237457.50,RE-METEOR350,255462.00,287618.83,0.00,0.00,0.00,0.00,0.00,190000.00,0.00,0.00,0.00,0.00,0.00,0.00,190000.00,188800.00,0.1000,18880.00,169920.00,0.0500,8496.00,178416.00,0.0100,1784.16,180200.16,198200.16,APPROVED
10000000-0000-0000-0000-000000000014,RE-HIMALAYAN450,MH06,MTS,20000000-0000-0000-0000-000000000014,250000.00,0.00,250000.00,1350.00,2100.00,253450.00,600.00,25345.00,170.00,25515.00,278795.00,279565.00,55913.00,335478.00,0.0900,30193.02,800.00,0.0375,12580.43,700.00,1627.52,14907.95,381378.97,,0.00,0.00,0.00,0.00,0.00,0.00,0.00,190000.00,0.00,0.00,0.00,0.00,0.00,0.00,0.00,0.00,0.00,0.00,0.00,0.00,0.00,0.00,0.00,0.00,0.00,APPROVED
10000000-0000-0000-0000-000000000015,RE-INTERCEPTOR650,DL09,MTS,20000000-0000-0000-0000-000000000015,300000.00,0.00,300000.00,1400.00,2200.00,303600.00,650.00,30360.00,180.00,30540.00,333960.00,335250.00,67050.00,402300.00,0.0900,36207.00,900.00,0.0400,16092.00,750.00,1696.68,18538.68,457945.68,,0.00,0.00,0.00,0.00,0.00,0.00,0.00,190000.00,0.00,0.00,0.00,0.00,0.00,0.00,0.00,0.00,0.00,0.00,0.00,0.00,0.00,0.00,0.00,0.00,0.00,APPROVED
10000000-0000-0000-0000-000000000016,RE-CONTINENTAL650,TN01,MTO,20000000-0000-0000-0000-000000000016,310000.00,0.00,312000.00,1200.00,1800.00,315000.00,5500.00,25000.00,150.00,25150.00,346500.00,347150.00,69430.00,416580.00,0.0800,33326.40,900.00,0.0350,14580.30,650.00,1716.07,16946.37,467752.77,RE-CONTINENTAL650,416580.00,467752.77,12000.00,9000.00,428580.00,476000.00,2000.00,190000.00,0.00,0.00,0.00,0.00,0.00,0.00,0.00,0.00,0.00,0.00,0.00,0.00,0.00,0.00,0.00,0.00,0.00,APPROVED
10000000-0000-0000-0000-000000000017,RE-SUPER-METEOR650,TN01,EV,20000000-0000-0000-0000-000000000017,0.00,390000.00,0.00,1200.00,1800.00,3000.00,500.00,18000.00,150.00,18150.00,3300.00,21650.00,4330.00,25980.00,0.0500,1299.00,350.00,0.0300,779.40,500.00,38.38,1317.78,28946.78,RE-SUPER-METEOR650,390000.00,450000.00,0.00,0.00,0.00,0.00,0.00,190000.00,0.00,0.00,0.00,0.00,0.00,0.00,0.00,0.00,0.00,0.00,0.00,0.00,0.00,0.00,0.00,0.00,0.00,APPROVED
10000000-0000-0000-0000-000000000018,RE-SHOTGUN650,KA02,MTS,20000000-0000-0000-0000-000000000018,320000.00,0.00,320000.00,1250.00,1900.00,323150.00,520.00,32315.00,150.00,32465.00,355465.00,356135.00,71227.00,427362.00,0.1000,42736.20,950.00,0.0350,14957.67,650.00,1610.77,17218.44,488266.64,,0.00,0.00,0.00,0.00,0.00,0.00,0.00,190000.00,0.00,0.00,0.00,0.00,0.00,0.00,0.00,0.00,0.00,0.00,0.00,0.00,0.00,0.00,0.00,0.00,0.00,APPROVED
10000000-0000-0000-0000-000000000019,RE-BEAR650,KL03,MTS,20000000-0000-0000-0000-000000000019,290000.00,0.00,290000.00,1300.00,2000.00,293300.00,550.00,29330.00,160.00,29490.00,322630.00,323180.00,64636.00,387816.00,0.0900,34903.44,850.00,0.0375,14543.10,680.00,1668.37,16891.47,439610.91,,0.00,0.00,0.00,0.00,0.00,0.00,0.00,190000.00,0.00,0.00,0.00,0.00,0.00,0.00,0.00,0.00,0.00,0.00,0.00,0.00,0.00,0.00,0.00,0.00,0.00,APPROVED
10000000-0000-0000-0000-000000000020,RE-ELECTRIC350,TN01,EV,20000000-0000-0000-0000-000000000020,0.00,210000.00,0.00,1200.00,1800.00,3000.00,300.00,12000.00,150.00,12150.00,3300.00,15450.00,3090.00,18540.00,0.0500,927.00,300.00,0.0300,556.20,500.00,31.69,1087.89,20854.89,RE-ELECTRIC350,210000.00,235000.00,0.00,0.00,0.00,0.00,0.00,190000.00,0.00,0.00,0.00,0.00,0.00,0.00,0.00,0.00,0.00,0.00,0.00,0.00,0.00,0.00,0.00,0.00,0.00,APPROVED